"","user","sentimentA"
"1","___JazzyJas",1
"2","___RoyY",-1
"4","__DanielleRenee",-1
"5","__db____",-2
"6","_19_84_",0
"7","_Astro_Nerd_",0
"8","_barretme",1
"9","_bb_eight",0
"10","_Blackclan",1
"12","_ConradTokyo",-2
"13","_Duforc_",1
"15","_ekoorb",1
"16","_emobe",2
"17","_epic_harry_",-1
"18","_EvRo_",1
"19","_FortisEtLiber_",2
"20","_fu_ckliberals_",-1
"21","_gabemedina_",0
"22","_Goose_Mother",-1
"23","_grantli",0
"24","_ItzJohn_",2
"25","_Jan_P",-1
"26","_jlamo",-1
"27","_JonWood",0
"28","_Keith_Brunson_",0
"29","_LCMB_",-2
"30","_magicalraven_",0
"31","_mia_joy_",0
"32","_Not_it8",0
"33","_pettywhite",-1
"34","_ponyboyy",0
"35","_Quining",-1
"36","_ScienceFaction",0
"37","_sneakerhead22",0
"38","_SpacePirate__",2
"39","_StephenGilmore",-1
"41","_ustinJ",-1
"42","02miri93",1
"43","06Champs",-1
"44","11thEarl",-1
"45","1800WHITEBOY",0
"46","188NJSapper",2
"47","1bigbeatlesfan",-1
"48","1FairWoman",0
"49","1msalopez",-2
"50","2013Horman",1
"51","21savagest",-1
"53","2ndlast2rise",0
"54","38spl500",0
"55","3cpoz",1
"56","40Love6060",0
"57","420olivieri",2
"59","4MikuAlone",0
"61","69xxmemelordxxx",1
"62","7W3375",-1
"63","86thetomato",0
"64","90smelanin",0
"65","99thRedBalloon",-2
"66","A__Nystrom",0
"67","A_Hard_Truth",-2
"68","A_Wagner12",-1
"69","A1kazmi",1
"70","Aajabooboo",1
"71","aamykerr",0
"72","abigail_adams76",1
"75","AceofSpadesHQ",2
"76","AcidDragonPunch",1
"77","AcidRayneStorm",1
"78","acopersi",1
"80","ActualAleisha",0
"81","acubedblog",1
"82","aCutePlatypus",1
"83","adamjrcorbett",-2
"84","AdamNewman913",1
"85","adampowers",0
"86","adamropp",-1
"87","AdamTheDukeDyer",1
"88","AddisonCookie",-1
"89","AdeFashina",0
"90","adigoesswimming",1
"91","Admiral_Oreo",1
"92","aerialsloveppl",1
"93","AerithRikku",-1
"94","aesthethicccc",1
"95","AFagguette",0
"96","afoolofatook",1
"97","afrado19",-1
"99","agonib89",1
"100","ahhhhhhhhh666",-1
"104","AirinSilver",1
"107","akashbrar_",0
"108","akbar_rahmani",1
"109","akfarrell",0
"110","akidisforlife",1
"111","akidnamedrager",-1
"112","Akron521",1
"113","alainafaithk",0
"114","alainenoel",0
"115","alansonfire",1
"116","alasdairdavie",1
"117","alaskancarl1",2
"118","albanymuskrat",0
"119","Alebutton",3
"120","AleElAmericano",2
"122","alexacjones",1
"124","AlexJPoirier",-1
"125","AlexStrayCat_",-1
"126","AlexTeesside",-1
"127","AlexWindley",1
"128","aleysha110",-1
"129","AliciaRockel",0
"130","Alienfxcker3000",0
"132","AliM20698746",3
"133","aliogrady",1
"134","alisa2s",0
"136","AllisonAlbrech2",-1
"139","alltheangels_",1
"140","AllyGeighter",1
"141","AllyGrace",1
"142","AlMaeder",1
"143","Alpha_Wave783",1
"144","alternateray",0
"145","AltRightChris",-1
"146","AlubuMurs",-1
"147","AlyceWellington",0
"149","amandaecollins",1
"150","amandaeileen26",0
"151","AmandaFama_",3
"152","AmanJohalGFA",1
"153","amansopinion83",-1
"155","AmBoDe33",2
"156","americanmaltese",1
"157","AmericanPlush",0
"158","AmericanQuixote",0
"159","amerikag",1
"160","amidala64",-1
"161","aminyarhd",0
"163","Amuk3",-1
"164","AmyGehling",-1
"165","amylauren216",0
"166","amylsacks",-3
"167","amyrenaewright",0
"168","AnaisBlack33",1
"169","analisamankilla",1
"170","anazrof",1
"171","ancientbruisesx",1
"172","andiiiidelgado",0
"173","Andre__VII",1
"174","Andrea6Mitchell",2
"175","Andrew_Cota1",2
"176","Andrew72701650",9
"178","AndrewJakeobs",3
"179","AndrewPina7",2
"180","AndyCat313",1
"181","andygtants",1
"182","AndyKing191",-1
"183","AndyMeanie",0
"184","AndyTX_guns",0
"186","angelovalidiya",-1
"187","Animated_David",2
"188","AnnaLustre",1
"189","annav8307",1
"190","Anniethekitty",-1
"191","anniewiebecomeD",2
"192","Antares1995",1
"193","Anthony21154",-1
"194","antinoble",0
"195","Antonio9847",0
"196","antonzilwicky54",-1
"197","Anusien",0
"198","AnxietyJane",0
"199","aphorismoi",1
"201","Apreshe8",2
"202","aprildouglass_",1
"203","AprilFuul",-2
"204","AprilRules",1
"205","aquarianqueen17",0
"206","arahnerbaby",0
"207","arcadewildfire",1
"208","arclight",1
"210","Ares_0926",0
"211","arfurdale",-1
"212","ArielVinda",2
"213","AriZonaGeyser",1
"214","Arjargon",1
"215","arownsu",1
"217","ArumFox",2
"218","AsaFlynn_1984",1
"219","ASAP_Triple",0
"220","AshBaby2222",0
"222","Ashley327mc",-1
"223","ashmeads2",0
"224","AshtonnMcL",-1
"225","ASS__Jesus",1
"226","AstraLorance",0
"228","athenapelton",0
"229","attjnj",2
"230","audreyovsky",1
"231","augie_watters",0
"232","avalon_combs",-1
"233","avenueworld",0
"234","Average_Joe99",1
"236","AWKrey",-2
"237","ayeboah47",0
"238","b_lemony",2
"239","babayaga32",0
"240","Baby_Jesus116",-1
"241","babychiliam",0
"243","bad_dominicana",0
"244","BaddieDaywin",1
"245","BaileyBroussar3",0
"246","BaizouAwards17",0
"247","bakedgrapes",-1
"248","bakergirlie",1
"249","baller_picasso",0
"250","BamaBobblehead",2
"251","BanditGolf",2
"252","Banished5times",0
"253","Bannn_23",1
"254","bapeonion",2
"255","bar1scorpio",1
"NA",NA,NA
"257","Barbeauxbot",0
"258","barbieiskatie",2
"259","Barbsgoturback",1
"260","BarraKona",1
"261","Based_Continuum",2
"262","Based_TsunamI",0
"263","BasicCheerAnon",1
"264","BastardDubious2",1
"265","Bat6660",1
"266","bathsaltz321",-2
"267","BazeBluhh",-1
"268","BBCStreeter",0
"269","BCohen94",1
"270","BeanieJeanatjax",0
"271","BearFracas",1
"273","Bearintheboat",0
"274","BearMedano",0
"276","Beccatosaurus",2
"277","BednarkNYC",2
"278","Beeboider",1
"279","beedogvolcano",0
"280","BeetheNani",1
"281","BeezakaMrB",1
"282","begraffic",1
"283","Bei_song_Wenhou",1
"284","BelindaPixi3",0
"286","benhtallman",2
"287","Benj_oman",0
"290","Benniiee_A",-3
"291","benson_susannah",1
"292","benxdicted",1
"293","BernadeiaJ",1
"295","BevfromNYC",1
"296","BeyondandAbove1",2
"297","BFK99",1
"298","Bharfee",1
"299","BHawk729",1
"300","bibberly",0
"301","BiffTannen34",2
"302","BigBobby5595",4
"303","BigJohnStudUSA",-1
"304","BillCraw4154",-1
"305","BillRasure",2
"306","billyduran",0
"307","billymustdie",2
"308","billynumb1",2
"309","BillyQuilter",0
"310","binks_zachary",2
"311","binkydex",-1
"312","Bistmath",0
"313","bitcaw",-3
"314","Bitches_n_BTC",5
"315","BITTHEBIGAPPLE",0
"316","bIueriver",1
"317","bkfpvracing",1
"318","blackinergy",-1
"319","BlackMesa1998",1
"321","blaireandchill",1
"322","blamejerl",0
"323","blamwham14",1
"324","BlaqueLiquor",-2
"325","blaughner",0
"326","BlauManticore",1
"327","bleephot",0
"328","blgrr",0
"329","BlindAlsatian",1
"330","BlondeSpectre",0
"331","Blotgo",-2
"332","Blucola",2
"333","BlueCaek",2
"334","BlueEyedEarper",0
"335","Bluejaysfan1234",3
"336","BlueRidgeChick",0
"337","blumes15",1
"338","BmoreBaker42",-1
"339","Bo_Curv14",2
"340","bo_rhapp",1
"341","BobtheReplier",0
"342","bobzulka",1
"343","boltonbombs",1
"344","bombszelberger",-1
"345","bongo_furious",1
"346","BongTweetBong",-1
"347","BoobPunchTina",-1
"348","Boognish12",1
"349","bookfairiecymru",1
"350","BooneVirginia",0
"351","BootonCallum",1
"352","BootyLordBen",1
"353","borg304",-1
"354","bowelmovement_",0
"355","Bowrie",2
"356","BoxMarks",1
"357","boxthegox",-2
"358","boyycunt",-2
"360","Br4y0n_28",0
"361","brad_tekkerz",-2
"362","braddock1960",-1
"363","bradeickman",2
"364","brady374411331",1
"365","Brain_Sharter",2
"366","brainfromarous",2
"367","Brand_namez",-2
"368","brandacedawn",-2
"369","Brandon_SV",-2
"370","brandonscooper",1
"371","BrandontLikeYou",-1
"372","brannaan",1
"373","brassfrog",2
"374","Bratpacker01",0
"375","braxuss",1
"376","brekabot85",0
"377","brendonbouzard",-1
"378","BrennaDemands",2
"379","brennicus",0
"380","Brett_OReilly",0
"381","Brewer999",0
"382","brexit4all",2
"383","BrianDeluge",1
"384","bringfriends4u",1
"385","brixtronix",-1
"386","broadwaysame",0
"387","BrodyClemens",1
"388","BrothLGregarius",0
"389","Browncoat_Atty",-1
"390","BruceBuckman",-1
"391","BruinBradinFL",0
"392","brutledge1985",1
"393","Brycey1234",0
"394","bsudah",-1
"395","Buckmelanoma41",0
"396","BuddSechs",-1
"397","Bukkakben",-1
"398","BullsLawDan",1
"400","BurghFeeder",2
"402","bussay_marton",0
"403","butthag",1
"404","bvcolic",0
"405","bwsqrd",-2
"406","byee_anne",-1
"407","byg19437487",1
"408","ByronGraffiti",0
"409","byronic_queero",-1
"410","c_niesman",1
"411","C4nc3rM4nc3r",0
"412","C7_Xpress",-1
"414","caaaaarrl",1
"415","Caerdwyn",1
"416","caffeinehunter",0
"418","CakeandIceQueen",3
"420","callchamberlain",1
"421","CalligraphyWoW",0
"422","Callmeclawson",1
"423","callorie",2
"424","CallOutKlNG",-1
"427","CamsFoxTail",0
"428","candi_diaz",2
"429","candraland1",0
"430","candylamb47",0
"431","canes3b92",0
"432","CanoedadCDR",2
"433","CanvasRecords",-1
"434","Caphenated",-1
"435","CaptainViolet",0
"436","CaptnCrash",0
"437","car_purple",-1
"438","cardifflegend",2
"439","cardigan_person",1
"440","CarlosRawrrr",1
"441","CarolynSteffan1",2
"442","carpediem1013",2
"443","carriemaryd",1
"444","CarsonCityKid",-1
"445","CarsonPotter",0
"446","carstenwolfram",0
"447","carter_gloyd",0
"448","CaseyParksIt",0
"449","CashmerelyMusic",-1
"450","casper2900",1
"451","cassidy_raeee",-1
"452","cassiecabage",1
"453","cassieecamp",0
"454","cassiefabulous",-1
"455","castlemischief",1
"456","cataldokidd",0
"457","catidude",-2
"458","CatieTheRiveter",0
"459","CatlinNya",2
"460","catobrig",1
"461","CautiousViewer",0
"462","Cayt_",1
"463","CB2444",0
"464","CBCelestine444",0
"465","cbdmender",-1
"467","CBrenchley",1
"468","cbtexas98",-1
"470","Celebfacts2017",-1
"472","ceruleetheblue",0
"473","cfranefbe",1
"474","CGod___",1
"476","ch_fungus",-1
"477","Ch3apsh0t093",0
"479","chaela_jane",1
"482","Charfair",0
"483","charitabee",2
"484","CharleeTurner",0
"485","CharlesMartel19",0
"486","charliefiver",0
"487","CharlotteGore",1
"488","CharmianNeary",1
"490","ChaseMKE27",-1
"491","ChatlesHamilton",-1
"492","ChaunceyGosha",-1
"493","Cheena_cheena",-1
"494","cheertea12",-2
"495","cheesetrader1",-1
"496","Chef_BoyDedee",2
"497","chefgrace",1
"498","Chellee_MS",-1
"499","chelloway",1
"500","ChelsIsRight",-1
"501","Chelstastico",-1
"502","chenetlarose",0
"503","chernobylmega",1
"505","chevysmells",0
"506","chiara_milner",0
"507","Chickenwench",4
"508","Chimsom_BFAB",1
"509","chinagoth",0
"510","chiutfan",1
"511","ChodaBurlap",-1
"512","chokemecaI",-1
"513","ChongoTweetz",-1
"514","chris_asleson",2
"515","chris_sokja",-2
"516","Chris62838555",-1
"517","ChrisQuines",1
"518","ChristiaBrown",1
"519","christian__s93",1
"520","christygood",1
"521","chromolle",-1
"523","ChuckWilly62",2
"524","Chumash_Gardens",-1
"526","chuppytheguppy",1
"527","ChurnDashSlash",1
"528","CIAniggas",0
"529","cieeeerraaa",1
"530","CigarsGolf",0
"531","cindyjoy68",2
"532","cinphoria",6
"533","cIouttt",-1
"534","cirk162",1
"535","cjhillrwb",1
"536","CKeefeShea",0
"537","ckjbg",-2
"538","CKristofic",1
"539","CL4R4GU3RR4",0
"540","CLAIREJAMIES",0
"541","ClaireOfTarth",0
"542","ClassKing13",0
"543","claudistics",0
"544","CLeBlanc4Canada",2
"545","cleothevol",-1
"546","ClinkityClack",0
"547","ClintonTheLiar",-1
"548","ClothildeM__",1
"549","cmr4to",0
"550","cmsj",1
"551","CNRush",1
"552","Cody4140",-1
"553","coffee_an_books",0
"554","coIeat",1
"555","Comanchegyrl",1
"557","commonionisme",1
"558","CommonSense190",-1
"559","comparisons",-3
"560","Composed_Kemp",-1
"561","CompSciEmma",2
"562","comrademothman",1
"563","Conf_Electorate",1
"564","Confused_cop",-1
"565","congratsbot",1
"566","connorsayers4",1
"567","ConnorWJohnston",1
"570","copke46",-1
"571","CoralAnderson20",5
"572","corey_phx",0
"573","CoreyChadwick2",-2
"574","corina_marsh6",1
"575","corinaishere",-1
"576","Corsilanche",0
"577","corychase55",1
"578","CoryDymond",0
"579","countdown2march",-1
"580","countrymuso",1
"581","CountVonTeddy",0
"582","CovfefeTrump45",1
"583","Cow_Goes_M00",0
"584","CoyleGavin",0
"585","coyso_stephen",2
"586","cozyroyale",1
"587","CPBuffy19",0
"589","Cpt_Underpants",0
"590","cr0sscurrent",-2
"591","crabsword",-1
"592","CrackityJose",-1
"593","CraigWins613",1
"594","craner72",1
"595","Crangits",0
"596","cresbro",-2
"597","cricketcrocker",-1
"598","CrimsonThunder_",2
"600","crisjhine18",1
"601","CrispyCanadian",0
"602","CRL3600",-1
"603","CrossFitJS",-1
"604","crowblow",0
"605","crowcialism",0
"606","crownarmourer",0
"607","CrtlWalkDlt",0
"608","crucialdudekyle",0
"609","Crusader762",2
"610","CrusaderTrump",-1
"611","crying_birds",-1
"612","crystalnis",0
"613","CrystalPepsi",-1
"614","csmdc87",-1
"615","ctsotsoros",1
"616","cubanitaliachlc",1
"617","cuethenoise",-1
"618","curlyqueenalley",0
"619","CustomersRuinIt",1
"620","cutewitch772",3
"621","CVTheWriter",0
"622","Cyberactivity",0
"623","cynicpolitic",0
"624","D_Jelso",-1
"625","D3F4ULT3D",0
"626","d4rks4v4nt",1
"627","daboc24",1
"628","DaGeorge_818_0",2
"629","dak9554",0
"630","Dale_Sams",0
"631","DamionViscaino",-1
"632","dan_hewitson",1
"633","dan_lawless",0
"634","Dan_YouKnowWho",-1
"635","DangelAngello",-1
"636","dangYonZ",1
"637","Daniel_Munson98",-1
"638","DanielHynds",1
"639","danieltobin",1
"640","DaniTheDemon60",1
"641","dankedgelourd",2
"642","DankWhiteMale",-1
"643","DanMarsh01991",1
"644","dannybhoyo13",0
"645","danobrien1972",2
"646","DanRicchezza",-2
"647","DaphneRants",1
"648","DarkRhythms",-1
"649","darwinwoodka",1
"650","DASM00S3",-1
"651","Dataclef",2
"652","daveed_da_sick",0
"653","DaveEvans5555",2
"654","DaveToffy",0
"655","davextreme",2
"656","DavidMajak",1
"657","davidthomvs",1
"658","daviniaweasley",-1
"660","davromega",2
"661","DawgsAreInAnI",0
"662","DawnENelson1",1
"663","daymonjones",2
"664","daznis",-1
"666","dbtarv",-1
"667","ddaddyfatstax",1
"668","ddrag3dawson",2
"669","deadlydilemmas",0
"670","DeadOnIine",4
"671","Deadpolitics1",-2
"672","DeadYounger",-1
"673","DeanKuhner",1
"675","deathcurenouis",0
"676","DeaVult",-2
"677","debrairl",0
"678","DebraLyn22",1
"680","dedmanschest",1
"681","Deepsleeper8",2
"682","DeetyB",1
"683","DefiantlyFree",1
"684","deirdreishere",2
"685","DeLaHansome",0
"686","DelbertJPerkins",1
"687","Delboy1983Derek",0
"688","delmoi",1
"690","DeMarcoDraws",0
"691","dentonppm",0
"692","Deplorable_Harv",-2
"694","DerekNotAway",1
"695","Derpnutz",0
"696","DerrickBagg",-1
"697","DeSpicer",0
"698","developerbmw",-1
"699","DevGrrrl",-1
"700","Devil14197113",-1
"701","dexter111344",1
"702","DexterMcBride",1
"703","DforDavid88",1
"704","dibassetto",1
"705","DiceKpls",2
"706","DickInman",1
"707","didiaryaa",1
"708","die_mutti",1
"709","diesel61187",1
"710","DietGlassWater",1
"712","dimbiddy",0
"714","Dinksterboys21",-1
"715","dirt4cheap",0
"716","DirtyDaver",0
"717","DirtyWaterFan",2
"718","Disinformation1",0
"720","divinelioness",1
"722","DJ_Llewellyn",1
"723","DJNarsiph",0
"724","DKingAlfa",1
"725","dkmcneal",1
"726","DKuzLA",0
"727","DLPBurke",0
"728","dlynnchan",1
"729","dmblanning",2
"730","dobarbudi",1
"731","dockofthebay4",0
"732","DoctorMju",1
"733","DoctorNora",4
"735","dodgethetraffic",1
"736","DoftWT",-2
"737","doldrumcorps",2
"738","don2deliver",1
"739","DondeGroovily",0
"740","donellacandra",2
"741","DonovanLark",3
"742","dontbeasheep1",-1
"743","DontFollow76388",1
"744","doonuttin",-1
"745","DottieMermaid",0
"746","DoubleNintendre",-2
"747","downeastsaint",0
"748","Dpdreamer",0
"749","DrakeThicc",-1
"750","DreaddedDrummer",0
"751","DreadShamus",0
"752","drewinhawaii",0
"753","drhrothgar",1
"754","Drifter237",0
"756","drmagoo",0
"757","DroidCommission",1
"758","drones_for_sale",2
"759","Dropbearpepe",1
"760","Droppinbodies05",0
"761","DrPardi",2
"762","DrRyanSkelton",0
"764","DrugDealerx",2
"765","druid1111",-1
"766","DrunkSheriff",-2
"768","Dubby_000",-1
"769","Dubgulp",-2
"770","ducttapedesign",2
"771","dunder69",-1
"772","duts22",-1
"773","dvan1313",-1
"774","dvlce13",-2
"775","DVNT_Pinkie",3
"776","dyfededwards",-1
"777","DynamiteRick",-1
"778","e30ben",0
"779","earlylawn",-1
"780","earthquakedgirl",2
"781","EasternIdiom",0
"782","ebekiel",1
"783","ebonyinthecity",1
"784","Ech0lex",-2
"785","EchelonRight",-1
"786","edelruth",3
"788","EdenFlair",-2
"789","EdGameTec",0
"790","EducatedSavage",2
"791","eeyand",-1
"793","efcnate",0
"794","eggdehaan",0
"795","eggsucker44",0
"796","EileenCumming20",1
"797","EireneThemis",1
"798","EJ_Atwood",-1
"799","ej_cake",1
"801","elayna_jpg",0
"802","ElectaWing",-2
"804","eleonorasfalcon",2
"805","eligri97",0
"806","elisarothstein",0
"808","Eliza08_",-3
"810","ellchachki",2
"811","Elle_Sandes",-1
"812","ElleBelleK",0
"814","ellis_texas",-1
"815","ElphinstoneAlex",0
"816","elrond25",1
"817","EmayM10",1
"818","emilemilemily5",0
"819","emilyann1031",0
"820","EmmaFromTheDump",-1
"821","EmmaLNielsen",1
"822","emoontx",1
"823","emstahthaey",3
"824","endermugen",0
"825","ENDERthe3RD",2
"826","endorphynn",1
"827","EnjoyC0ke",2
"828","eramos777",1
"829","Ercoman",-1
"830","Eric_WVGG",1
"831","Eric0Lawton",2
"832","EricFish1111",1
"833","EricMelting",-6
"834","ErikaaLauren",0
"835","erinetodd",1
"836","Erismes",-2
"837","erulasee",0
"839","eswillwalker",-2
"840","ethan_rogers2",0
"841","Ethan79th",0
"842","EuanOscroft",1
"843","eujjoo",0
"844","everlong554",0
"845","Evertonius",-2
"846","EvieMcLaughlin",1
"847","EvonneSB",2
"849","EWTheNeighbor",1
"850","ExactPresence",-1
"851","ExiledRachel",2
"852","ExiledSenpai",-1
"853","ExpatContractor",1
"854","extranone",1
"856","factualfailure",0
"857","FaithBased92",-1
"858","Faithless_ink",0
"859","fakeboricua",2
"860","fakefoxygrandma",-2
"861","falllafel",0
"862","fanazzz",1
"863","Fangsterofluv",1
"864","Farmdaddyjim",-1
"865","farmer_beet",2
"866","farrahbc1",-1
"867","FarzanaBegum2",0
"868","FashyDanMarino",1
"869","FatMemetologist",0
"870","Fausnaught_",2
"871","fauxdeity",1
"872","fcukign",-1
"873","Fcukyuocnut",2
"874","FeaturesCunt",-2
"875","FecalTornad0",-1
"876","fedthefckup",-1
"877","feelgyxd",0
"878","feliciaw5853",1
"880","Ferdinandbandit",0
"881","FerretMovies",1
"882","fgisness",2
"883","FightFatAcptnce",1
"884","findingyourchil",1
"885","Finley_Beckett",1
"886","Finnland101",2
"887","fionadotter",1
"888","Fire_Badger",-1
"889","Firminhoe669",-1
"890","FiscalTweets",-1
"891","Fitzzchiv",-2
"892","FJ473",3
"893","fkaparker",2
"894","flameprincefinn",2
"895","FlammingCookie",1
"896","FlashB0ng",2
"897","FlashHeart59",2
"898","flawed___genius",0
"899","Flip4Students",1
"900","flockofwords",1
"901","flofflach",0
"902","floognoodle",0
"903","FlopFlippity",2
"904","flow5blue",0
"905","flowerpower1776",0
"906","flubsold",2
"907","Fokium7",-2
"908","FoodieScience",0
"909","footballqueen52",2
"910","forge_iron",-2
"912","FrancoisJabbour",1
"913","frappu_chi_no",-1
"914","frednikp",4
"915","FreedomRecon",0
"916","FreemarketSara",-1
"917","FreePressKek",0
"918","freeradicalfem",0
"919","FrEvansJulce",-1
"920","FreyaFyre",0
"921","Frostbite___",2
"922","FrostedBlakesTV",0
"923","frostykate",0
"924","FStanzz",0
"925","Fth10012",2
"926","FTSATM",1
"928","fuck_technology",-1
"929","FUKcommies",-1
"930","funoodlegames",0
"931","FurorDextri",0
"932","FusingHelium3",0
"933","FWOTUS",0
"934","GA_ScienceRodva",1
"935","GabdullaButcha",-1
"936","gabic0rtez",-1
"938","Gabrielitaa8",-1
"939","GabrielyanRob",2
"940","gambit_bijou",1
"941","gamefiend",2
"942","GamingMagic13",1
"943","ganalmyles",1
"944","GaryGazzamk",-2
"945","GasShower",1
"946","GawdSamit",-6
"947","gazeofhorus",0
"948","gbackincollege",1
"950","George_87",-2
"951","Georgeccurtis",2
"952","GeorgePatton76",2
"953","GerbinoJeff",1
"954","GestapoKitteh",-1
"955","ghostcommie",1
"956","Giatuits",1
"957","Gibshome",1
"958","GidgetAZ",1
"959","GiftedNutter",0
"961","gingell_alex",0
"962","GinnyLucas",2
"963","GlaLa666",1
"964","glitters_not",0
"965","GlitteryLucifer",0
"966","Globalizer360",1
"967","glutenfreegirl",0
"968","GoldenAgeX",-1
"970","goodlyRun",3
"971","GoodPressShanno",2
"972","GooseCretian",2
"973","GoRunMaria",1
"974","goslee_aaron",1
"975","gothalbinoange1",0
"976","GothSkunk",-1
"977","Gr4pevine",-1
"978","graemepyoung",-1
"979","grammyd62",-1
"980","grandma_pdf",1
"981","GrandpaSpud",1
"982","Grassy_Knoll",-2
"983","GrayscaIee",2
"985","greatdocbrown",0
"986","GreenMelonHime",0
"NA.1",NA,NA
"988","gregborbonus",1
"989","gregfahlgren",1
"990","Gretchen_Li",0
"991","greymanrp",1
"992","greystate",1
"993","Greywall_Gaming",2
"994","GrgHowser1",4
"995","GrillCheezKilla",1
"996","GRRRR8est",2
"997","grumpydwarf89",4
"998","GruzDD",3
"999","gsforever22",0
"1000","gte",1
"1001","gtpwoody",1
"1003","Gun_Hamundarson",0
"1004","GusElAutobus",1
"1005","GWJ99",1
"1006","GymLeaderMing",1
"1007","HaftaVOTE",0
"1008","HaidSalameh",0
"1009","halaltrilogy",0
"1010","HaleoDcapricorn",-1
"1011","HaleyDa98434180",0
"1012","haleymaple",1
"1013","HalNecessary",0
"1014","HamzaCen",0
"1015","HamzaTerminator",-2
"1016","HanCholow",2
"1017","Hanksingle",1
"1018","HannahMarie1028",2
"1019","hansolo8709",1
"1020","hanzhijie001",-1
"1022","happykt",1
"1024","HaroldLargeIV",2
"1025","HarryHardsocks",1
"1026","HarvLangers",-2
"1027","Hateful_Juan",2
"1028","Haydenishere",-1
"1029","HaylsBayls3",0
"1030","HazardProtocol",0
"1032","HealthyMama7",1
"1033","Heath_JS_",2
"1034","HeatherPavelich",1
"1035","hecubus1st",0
"1036","HeForThee",0
"1038","heinousjay",1
"1040","Heiwajima_Neroo",2
"1041","hellaime",1
"1042","hellakristelle",-1
"1043","hellion2172",1
"1044","hellosophie",0
"1045","HenryIrelan",-1
"1046","HenryLorenz",0
"1047","HEPennypacker84",-2
"1048","herder_of_cats",1
"1049","hex_tano",0
"1050","heyyalma",0
"1051","hierodula",0
"1052","HillbillyJeebus",0
"1053","HintonBuddy",-1
"1054","hipequanimous",1
"1055","hizzweiner",-2
"1056","HKAdriansen",2
"1057","HkppLuv",0
"1059","HMuery",-2
"1061","holmanland",1
"1062","holymoze",0
"1063","HomewardBound16",2
"1064","honky",0
"1065","HoodlyWho",0
"1066","hopesdeleted",1
"1067","HordeboyRiot",0
"1068","horsewithnonick",0
"1069","HotYogaCat",-1
"1070","HowmanGregg",-1
"1071","HPluckrose",0
"1072","HSCP6",0
"1073","hstylesukco",0
"1074","HueManjf",0
"1075","HulkSMASH7787",-2
"1076","HunterIXVII",-2
"1077","Husjojola",1
"1078","HustlinMike",2
"1079","hydrogenbombwar",-1
"1080","I_I_Rubin",1
"1081","iamadandylion",0
"1082","iamenuff",-1
"1084","IamMohit_Uppal",2
"1085","IAmRobStadnyk",1
"1086","IamWhoAlwaysIs",-1
"1087","ian_mckelvey",0
"1088","ianonloo",2
"1089","iansthename_57",0
"1090","IanWhetstone",-1
"1091","ibebrewen",1
"1092","ibumichele",1
"1093","ICEGS1811",2
"1094","iconiccreative",1
"1096","IimitI3ss",2
"1097","ike__chuks",1
"1098","ilumire",2
"1099","im_kirby",0
"1100","Im_Pubs",1
"1101","ImCandiceTho",-1
"1102","imeikle",2
"1103","ImissSanePPL",0
"1104","ImThatGuy21317",-1
"1105","Imusually",1
"1106","In2trux",2
"1107","incestishalal",-1
"1108","Indianafortrump",2
"1109","indiepxnk",-1
"1111","IneptOrange",2
"1112","InfinitumAnanas",2
"1113","infinitythestar",1
"1114","InklingIka",-1
"1115","InsomniacPsych0",-2
"1116","Inspectjavert",1
"1117","inthesedeserts",-1
"1118","IntoYourMouth",0
"1119","INTPfemale",0
"1120","IntroosiveThot",0
"1121","intrstller",1
"1122","iotornero",-1
"1123","IRE_Channel",1
"1124","Irgids",-1
"1125","Irishbeardedman",-2
"1126","IrishCrimson",0
"1127","IrishSQL",1
"1128","ironcathedral",0
"1129","ironManSixNueve",1
"1130","iscratchmymind",0
"1131","Isoban",2
"1132","ItaOKelly",1
"1133","ItBodes",0
"1134","ItLewisTbh",1
"1135","Its_Notmyfault",0
"1136","ItsAlexMendosa",-1
"1137","ItsAshy",0
"1138","ItsBassi",1
"1139","itsmealexand3of",0
"1140","itsmultani_",-1
"NA.2",NA,NA
"1142","ItzPattyKakez",-1
"1143","Iulia34808260",1
"1144","IvoryBlack5",-1
"1145","IvyShoots",0
"1146","IWantABurrowOwl",0
"1147","izcrazy701",-1
"1148","izonkeriam",-2
"1151","JackHann31",0
"1152","JackieMcNamara1",1
"1154","JacksBack654",-1
"1155","JackSwede",1
"1156","jacobed25",-1
"1157","JacobStormsTV",-1
"1158","JadaDoll345",-2
"1159","jaggedape",-2
"1160","jaguar986",-2
"1161","jaharha",2
"1162","Jaihawkk",1
"1163","jaiivy_league",1
"1164","Jake_Intenebris",-2
"1165","JakeAnthony1453",0
"1166","JakeBarger1",0
"1167","JakeDaDrumGod",0
"1168","jamejonson",0
"1169","james_0403",0
"1170","james0n2",1
"1171","jamesofearth2",-1
"1172","jamesso33",2
"1173","Jamie_ORourke",2
"1174","jamiethomas540",1
"1175","JaneM4Cor",2
"1176","JaniceIQuinn225",1
"1177","janjewson1",0
"1178","janmojo",0
"1179","Janusdnurste",1
"1181","jaslenmae",1
"1183","JasonIsCupidBoy",2
"1185","jasonogden",1
"1186","jayanthigp",0
"1187","jaydakota76",0
"1188","Jaydeeksy",0
"1189","JayFlaco23",2
"1191","jaynedoughboy",0
"1192","jaystopforth",0
"1193","jboydaustin",-1
"1194","jbrady_ct",2
"1195","JBuckton94",2
"1196","jbxperience",0
"1197","JC_thePD",2
"1198","Jcampky",0
"1199","jcatbbug",-2
"1200","jcbuzzie",2
"1201","jchesmore",0
"1202","JCLamkin",0
"1203","jclorenzetti",-1
"1204","jcoolbaugh90",1
"1205","jcrewandmeth",1
"1206","JD1367a",1
"1207","jdcunard",1
"1208","jdude924",-1
"1210","jedet02",-1
"1211","JeffOutLoud",1
"1212","jelenaparsons5",0
"1213","JeMenfoutisme__",1
"1214","JenniferGassman",1
"1216","jennpublic",2
"1217","Jenny_IDLYITW",-2
"1219","jenxrenee",-1
"1220","Jeremy_Titter46",1
"1221","JeremyHimli",-1
"1222","JeremyIrwin15",-1
"1223","jerrasic_",2
"1224","JerryAscione",0
"1225","jerrysainah11",0
"1226","JesseBarre",0
"1227","JessicaRobeson",-1
"1229","jetsongospel",-1
"1230","jezenthomas",2
"1231","jezkemp",1
"1232","Jezzerat",-1
"1233","JF0RTUNAT0",0
"1234","jfromthefandoms",-1
"1235","jgrant34",2
"1236","JGuerinPhoto",1
"1237","jiggawutt",1
"1238","JigsawFirefly",-2
"1239","jihad_huma",0
"1240","JillHohman",1
"1241","JillianKeenan",0
"1242","Jim_Partin",0
"1244","jimbearNJ",0
"1245","JimbobStonePhD",-2
"1246","jimbomberger",1
"1247","jimiclpe",0
"1248","JimmeJohne",0
"1249","JimmyCsb",0
"1250","JimmyMcSavage",-1
"1251","JimWilemon",1
"1252","JJ4T12Win",-1
"1253","jjakeholm",-2
"1256","JlwJoe",0
"1257","Jmax528",3
"1258","JMIClark",0
"1259","Jmiller8710Z",-1
"1260","Jo_bousk",2
"1261","joanier52",2
"1262","Joanna9273",-1
"1263","jobba41",-1
"1264","jodicaprio",1
"1266","Joekingisbetter",0
"1267","joemisterr",1
"1268","joesabin",-1
"1269","JoeSondow",0
"1270","joeydiblasi",2
"1271","joeyg298",-1
"1272","joeyinthewoods",-1
"1273","joeypodsnothing",-1
"1274","johann8384",1
"1275","johanon_",3
"1276","john_jake1313",2
"1277","johnalanhoadley",1
"1278","johncrowe86",-1
"1279","JohnDAndrle",1
"1280","johnnseyboy",1
"1281","johnny808Blaze",2
"1282","Johnnythebrit",2
"1283","JohnRealSmith",1
"1284","JohnRedc0rn",1
"1285","JohnTMadden",-1
"1286","joifulgurl",1
"1287","JOjojosiejay",8
"1288","JoJoStarling2",0
"1289","JoKeDin",0
"1290","JollyGoodJayHM",0
"1291","jomar96",-1
"1292","JonathanPerrine",2
"1293","JonathonHatz",2
"1294","jonerfan24",1
"1295","jonesypoo",1
"1296","jonfw2",1
"1297","jonno12jrw",-1
"1298","jonnyblackout",0
"1299","jonojames777",2
"1300","jonschr",2
"1301","joonieper",-1
"1302","JordanCrane97",1
"1303","Jormelendez",1
"1304","JortsQueen",2
"1305","joseph_rothwell",0
"1307","Josephi05613010",0
"1308","joshanthi",1
"1309","josiahfartlett",-1
"1310","josueA1017",0
"1311","jozxm",2
"1312","JpHallady",-1
"1313","Jpmaxx21",-2
"1314","jpraise_dmc",-1
"1315","jrain15",1
"1316","jsaucystevens",0
"1317","jsnyder555",1
"1318","JuggernautAVFTW",-1
"1319","juiceboxdrunk",1
"1321","JulianPFoulkes",0
"1322","julianpowpow",1
"1323","julierae2332",1
"1324","juliesmith9999",-1
"1325","julzzzzrenee",0
"1326","JuMaRi615",0
"1327","jurijuri",1
"1328","JustEric",1
"1329","justfurkids",1
"1330","JustHeather8",-1
"1331","justinslootsky",1
"1332","JustinTime500",0
"1333","JustLoo57727959",0
"1334","jvbreen1",0
"1335","jwagripropaneUN",2
"1336","jwbul287",3
"1337","jwhoopes2",1
"1338","jx_white",4
"1339","K3epReal",-2
"1340","K3V1NMAC",0
"1341","kahlua71",0
"1343","kakos273met",0
"1344","kalasilverman",2
"1345","KaljaKotka",1
"1346","kallas_amanda",1
"1347","Kanadabalsam",-3
"1348","karamcnair",1
"1349","Kardea",0
"1350","KarelessFeline",-1
"1351","kashimaawo",-1
"1352","Kasianand",-1
"1353","Kassondra",2
"1354","katbocti",0
"1356","kathoderaytube",0
"1357","kathys_quill",1
"1358","katiadempsey",0
"1359","Katie_Freeman34",1
"1360","KatTripp2",2
"1361","Kawinje",1
"1362","kayakjake",-1
"1363","kayla_shepler",-2
"1364","KayleySue",0
"1365","KayOrder",-3
"1366","keep_the_change",1
"1367","Kehvan420",-1
"1368","KeisenbergUK",2
"1369","keithwhite83",2
"1371","KEJoyce2",0
"1372","kellancon",0
"1373","KelleyII",2
"1374","kelly_crunch",1
"1376","KenovaSir",1
"1377","KenyonGagne2",0
"1378","Kenzie_frame",0
"1379","KesaraRiku",2
"1381","kevinbehringer",-1
"1382","KevinDavus",1
"1383","keyana_little",0
"1384","keyrodi",-2
"1386","KFI_superfan",0
"1387","KFleeger_01",2
"1388","kh5094",2
"1389","KhaleesiNU",1
"1390","Khoala_Bare",0
"1391","kiikersneaker",0
"1392","Kikalena",0
"1393","killaxari",0
"1394","KimFitnesskim",-1
"1395","KimPlasket",0
"1396","kindamehreally",2
"1397","King__Wavy",1
"1398","King_of_Moths",-1
"1399","king0fcatz",0
"1400","KingM91",-1
"1401","Kira754boe",-1
"1402","Kirstinhaleyy",-1
"1403","kismykas",1
"1404","kisskisskillem",2
"1406","kittygothgrl",-1
"1407","KiyoDandre",-1
"1408","kjbmeetsworld",-1
"1409","KjDebruin",2
"1410","KJo112",1
"1411","kkaplan",1
"1412","KLEOPATRAJONZ",0
"1413","klobmathews",1
"1414","KM__U",0
"1415","kmbrei",0
"1416","kmkasner",1
"1417","knittymanu",0
"1420","kore4life",2
"1421","KoreanWarPart2",2
"1422","kosmyst",1
"1423","KPikklefield",2
"1424","kpkeane3",1
"1425","kprmsn",-1
"1426","KrakenColdOnes",1
"1427","kramphillips",1
"1429","KristinaAurelia",0
"1430","KristinTangel",0
"1431","KrisWilliams",0
"1432","KrystalGarza29",2
"1434","KSibla",2
"1435","kumotherapy",-1
"1436","KurtTustin",-1
"1437","Kwonboy24",-1
"1438","kxtchensnk",-1
"1439","KYGinger",2
"1440","Kyle36969",-2
"1441","KyloRem_",-2
"1442","l3urton4949",2
"1443","labia_menorah",4
"1444","Labraid",-1
"1445","LAbryanM",2
"1446","lacanta",0
"1447","lacey_combs",1
"1448","LacJordan",0
"1449","lacuchina",2
"1450","ladcapital",2
"1453","LadyEdotMe",0
"1454","LadyOnTheMuna2",-1
"1455","LadyWildgans",2
"1456","LakeBubble",-1
"1457","LaLaLunchbox",1
"1459","LandryRobandry",2
"1460","larryhinkle",-1
"1461","LarsAlxndrssn",-2
"1462","lauracristea25",1
"1463","laurakfillault",9
"1464","laurenmichellie",-2
"1465","LaurenRauh",-1
"1466","lauriejohnson12",2
"1467","lawilson009",-1
"1468","leahporter_",2
"1469","leashyourkids",1
"1470","leavercm",1
"1471","lecksicon",2
"1472","LeeCrane1",0
"1473","LeftyPeasant",-1
"1475","lej2343",2
"1476","LeLee_Marie",0
"1477","LeMemeSwiper57",1
"1478","Lendl97",0
"1479","LeniWodring",6
"1480","LennyGhoul",0
"1481","Lenore312",5
"1482","LeonKira997",-1
"1483","LeScaryBird",-1
"1484","LethalMist",1
"1485","levensuikerspin",1
"1486","LewisHart17",-1
"1487","LewisRobinsonnn",1
"1488","Lexibearp1997",1
"1489","lexluthor415",-2
"1490","LeytonWilliam",2
"1492","LiberalBeachGal",1
"1493","LiberalLogic__",-1
"1494","LiberalsExposed",0
"1495","LiberalsRNuts",1
"1496","LibertyEncyclo1",-2
"1497","LibertySuzyQ",-1
"1498","libertytrout",2
"1499","Libra_Spirit_1",-1
"1500","libraonstrike",-1
"1501","librariancraftr",0
"1502","LifewithKen_",-2
"1503","LigayaLoyola",0
"1504","lihisom",-1
"1505","likeamodernman",1
"1506","likeRAWR8",-1
"1507","lillybronx",1
"1509","lilnatapillar",-1
"1511","lilwing88",1
"1512","LilyLilyMaynard",-1
"1515","lisa_pearl_",1
"1516","Lisa61618219",1
"1517","liselotteross",1
"1518","literallyhank",1
"1519","little_bigwood",-1
"1520","littlebit_nc",1
"1521","littleblop",1
"1522","LittleButTalawa",-1
"1523","littlelauren16",0
"1524","live2runbfree",2
"1525","LiveitRivet",-2
"1526","lizgkennedy",2
"1527","lizmbd2",1
"1528","Lizutd",0
"1529","lizz_klammer",0
"1531","LM_Cancer",0
"1532","lmought",-1
"1533","LocgOrg",1
"1534","loiuzein",1
"1535","LonelyMovieNerd",2
"1536","LongfellowAutz",0
"1537","lord_at_war",-1
"1538","lord_ferrigno",0
"1539","LordMoloch",-1
"1540","LordOfMeh",2
"1541","lorismentality",0
"1542","lostNconfuzed",0
"1543","Louis_H_Taylor",2
"1545","LoveableNagato",0
"1546","Lquidchwartz",2
"1547","lquilter",2
"1548","LrElias3",-1
"1549","lucaabrasix",1
"1550","Lucatosi88",1
"1551","Luch_Boe",0
"1552","lucyasgarrett",1
"1554","luke__bfc",-1
"1555","LukeBGID",2
"1556","lukerchoate83",-2
"1557","lukexob",0
"1558","lunasluvchild",0
"1559","LurkAndLike",0
"1560","luvinmysweetpea",0
"1561","LVKEBVSSEY",2
"1562","lwirt",1
"1563","lwtalwaysyou",1
"1564","LyallElspeth",0
"1565","lykebutts",-1
"1566","lytedark",0
"1567","m_scolari_III",2
"1568","M1_Williams",1
"1570","macc_marsh",-1
"1571","MacGootbone",2
"1572","mackattack80",1
"1573","MacTheLibrarian",2
"1574","madjorgen",-1
"1575","maebirddd",1
"1576","MAestRIO_Tube",-1
"1577","MAGA__2017",2
"1578","MAGAMale16",-1
"1579","Maggie_McNeill",1
"1580","magicthrow",0
"1581","magmaticmelissa",1
"1582","Magnetica444",-1
"1583","MajTubaMan",0
"1584","Mak_N_Cheeeeese",-2
"1585","MakeItRayn_",-1
"1586","malloy_brandy",1
"1588","mamacorin",1
"1589","mamacrow",1
"1590","mandalovescats",-1
"1591","mandomainia",2
"1593","manservantchris",-1
"1595","mar_ciad",0
"1596","marcaspringer",-1
"1597","marciee19",1
"1598","Marco0o0os",-2
"1599","Mareko69",-1
"1600","margaerynflower",1
"1601","maria_secviar",0
"1602","MariaHMiaCuba",-1
"1603","marianlederman",1
"1604","marielabarzallo",1
"1605","Mariesampah",2
"1607","Marion92437760",0
"1608","MarisaTacoma",2
"1609","MarisolWiech",0
"1610","marissarashly",1
"1611","Mark_Nunya",0
"1612","Markitoess",1
"1613","marleyvincentL",1
"1614","maroleon111",1
"1615","MarshallLee67",-2
"1616","MartialMalice",-1
"1617","martianxiety",1
"1618","MartiGulla",1
"1619","MartinRedmonddd",-1
"1620","MaryDiPasqal3",1
"1621","MaryHartmanx2",-1
"1622","MasniOdojak",1
"1624","matrigga",-1
"1625","MatrixOutsider",1
"1626","MattDidius77",1
"1627","Mattera1984",0
"1628","matthewgronke",2
"1629","MattLiasse",0
"1630","MattPoitty",-1
"1631","mattrmckinney",0
"1633","MavsPits",-1
"1634","mawnx",-2
"1635","Maximus6913",0
"1637","MayaSada",1
"1638","Maytee_Stickles",-1
"1639","mccainsbigcheek",2
"1640","McElveenBell",-1
"1641","mckinnon_pjm",1
"1642","mcmurray_Sean02",1
"1643","mcspellitout",1
"1644","md34293470",0
"1645","meadowgirl",1
"1646","MeanGreanHare",1
"1647","Meelapples",-1
"1648","MegNrdyFreakx3",3
"1649","megsteinberg",0
"1650","Melancholalia",0
"1651","MelinaVader",-1
"1653","melyssa_parker",0
"1655","MermaidNak",0
"1656","messengerflats",2
"1657","Metallic_Magic",1
"1658","MetaphorWolf",-2
"1659","Mew619",1
"1660","Mhdoe753",0
"1661","Mhorgel",-1
"1662","MHtoTha",0
"1664","mich3llepach",0
"1665","michael_seaborn",0
"1666","Michael75868157",1
"1667","michaelbayer1",1
"1668","michaelchiav",2
"1669","MichaelJPartyka",1
"1670","michaelkvance",2
"1671","michaelnp1701",1
"1673","MichelleSonnier",2
"1674","michieljackson",-1
"1675","MicroscoftPaint",1
"1676","MidianiteManna",1
"1677","miesnyyrikki",-1
"1678","mikecokere",-4
"1679","mikemack903",0
"1680","mikeua69",-1
"1681","MikeyGilz",0
"1682","MildyUpsetSeal",0
"1683","militaryfreedom",0
"1684","MilitaryRosary",1
"1685","Mimekiller",0
"1686","Mimicsmuse",1
"1688","mindph",0
"1689","MinkerBrainsick",-1
"1690","Minty4President",1
"1691","MirandaBuck",0
"1692","MirandaRHK",0
"1694","mirmgerm",-1
"1695","misc_mike",-1
"1696","miscofro",0
"1697","Mislu_Kravin",1
"1698","misscasiolrmy",1
"1699","MissCM01",2
"1700","MissKatyEnglish",1
"1702","Misty__Moo",1
"1703","mittchgrassi",0
"1704","MittsLikeMats",1
"1705","MJMurphy007",1
"1706","mk_rodgers",1
"1707","mlong5000",0
"1708","mltblue",0
"1709","Mminniemoo",0
"1710","mo0nxharmony",0
"1711","mobodog",0
"1712","ModerateNazi",-1
"1713","moekolo_",-5
"1714","moes741",0
"1716","MoeyMoeyP",0
"1717","MollyConYT",4
"1718","MollyNewton77",0
"1719","MOLLYSCHIOT",0
"1722","MonikaMoravan25",1
"1723","monisharaveena",-1
"1724","MonkeyOfSaltine",0
"1726","MorganK95",2
"1727","morganrus490",-2
"1728","Mortajosario",1
"1729","mosdefinho",1
"1730","Mothoni_",1
"1731","motionview",0
"1732","MPineappleDream",1
"1733","Mr_Chup0n",1
"1734","mr_sticks115",-1
"1735","MrDeplorable22",1
"1736","MrendanBcguigan",1
"1737","MrJTaj",0
"1738","MrLukePayne",-1
"1739","MrMicra_",-2
"1740","MrMiskatonic",2
"1741","mrph41l",0
"1742","MrRagerTV",1
"1743","mrs_pinky85",1
"1744","mrsgunsage",1
"1746","MrSlippryFist",-1
"1747","MrSmithisready",2
"1748","MrsPeteEsq",1
"1749","MrTagoMago",1
"1750","mrval3ntinus",0
"1751","Mscoe82",-1
"1752","MsMaxineStoker",-1
"1753","MSME415",2
"1754","Mstewable",0
"1755","MtOreadKaws",1
"1757","mulronie",-1
"1758","multiversecorgi",-1
"1759","mumbleslam",2
"1760","munchquinn",0
"1761","Musical_Timothy",2
"1762","MUTFanATL",1
"1763","mvalladar86",1
"1764","MWMWWWWWWWWWMWM",0
"1766","mxjxn",-2
"1767","MXVMMXII",1
"1768","My_Arks",-1
"1769","mycroft_vii",1
"1770","myers_marcus",0
"1771","MyersBmmyers123",0
"1772","MykeeT",2
"1773","MyManyDrawings",1
"1774","mymovingarch",-1
"1775","myoneandonli",0
"1777","myshkamou",1
"1779","N0Flu",1
"1780","nachonya",1
"1781","nahsorrym8",3
"1782","Nalini_Ravi",-2
"1783","namuisdabaum",-1
"1784","nancy_blondin",0
"1785","narcissistic_",0
"1786","narelleford",1
"1788","NatashaDeHere",-1
"1789","NateWhilk",1
"1790","nathansu",0
"1791","NatickBobCat",0
"1792","Navyw1fe",0
"1793","nc_carlsbad",1
"1794","Ncole1111",-2
"1796","nebuuu_16",1
"1797","Nefijer",1
"1798","negalha14",-2
"1799","Neilstradamus",2
"1800","Nerdista",1
"1801","NerdRage42",1
"1802","nerorennelo",-2
"1804","nessatism",0
"1805","nestorpnovak",3
"1806","nettieninja",2
"1807","neurawr",-1
"1809","nevnev60",-1
"1811","NewsatHoff",2
"1812","NewYorkRedBaes",-1
"1813","NflTorres",-1
"1814","NHCliqueee",-1
"1815","NHyatr",2
"1816","nickhide",0
"1817","Nicky_Jicky",0
"1818","Nicola1964D",-1
"1819","nicoleamurray",2
"1820","NicoleHadaway14",1
"1821","NICOLESEOUL",1
"1822","NighteStudios",1
"1823","nighttrakker",1
"1824","nightwing2024",0
"1825","NikiConrad",-1
"1826","niknaknook1",0
"1827","NikosCastelanos",-2
"1828","NINEIRON08",0
"1829","NingaDog",2
"1830","NintendoFanGirl",1
"1831","NIV7",-4
"1832","niveksirrah13",1
"1833","NoahJMiller97",1
"1834","nobelpatriot",1
"1835","NobleSenseiSmah",-1
"1836","nofatchicks3ver",-1
"1837","NoiceShoes",-1
"1838","NoMemesNoTalk",-2
"1839","Noncon49285",0
"1840","nopallixx",0
"1841","NoQuartersFor",3
"1842","noseymom718",0
"1843","NotbesilentWil1",-2
"1844","notkimlaurier",0
"1845","NotQuik",0
"1846","nottodaynosir",5
"1847","noturbone",0
"1849","Noworriesmaaan",1
"1850","NRoffe",2
"1851","nubs_foreman",0
"1852","NuCreation0215",-1
"1853","nvchad2",0
"1854","nwithey101",0
"1855","NYC_Mayor_Wood",2
"1856","nyc_sportz",0
"1857","NymOneFourSix",0
"1858","ObiSaysWhat",1
"1859","obj89",3
"1860","obotheclown",4
"1861","Obscure_P",1
"1863","Ocelcock",-1
"1864","oct4d",1
"1865","octoberrust0713",1
"1866","Octotron",-1
"1868","OdieEsty",0
"1869","OfficialGemBae",1
"1870","officialzaygod",2
"1871","oftheblackcross",-2
"1872","ofthestardust",2
"1873","ogzacherl",0
"1874","OHbooknerd44",1
"1875","ohhpIease",1
"1877","OhthatMonster",1
"1878","OhWhereToBegin",-1
"1879","OJs_Left_Glove",0
"1880","okayrobw",0
"1881","oliveautist",1
"1882","OliviaVivianne",1
"1883","OllieStanley99",-2
"1884","OllyOllyO",-1
"1885","om6s",0
"1887","OnceALeo_Always",-1
"1888","OohShiny_Sarah",0
"1891","ordinarylindaa",-1
"1893","OscarAlexis213",-1
"1894","osumark",2
"1895","OTilanus",0
"1896","ouaisjcrois",-1
"1897","OutbackFakehous",-2
"1898","outintheroses",2
"1899","OutwardDisplay",1
"1900","OverOnTheRight",2
"1901","Owen_Photog",-1
"1902","owlroyaltyy",1
"1904","P_G_1_3_",-1
"1905","P1Gore",1
"1906","pabarge",2
"1907","Pabooblette",1
"1908","PacifismDabbler",1
"1909","PailOfAwesome",1
"1910","PaineThomas1737",-2
"1911","painkilIrs",0
"1912","palb1234",2
"1913","Palmtown99",-2
"1914","PandaBrian",-1
"1915","Papaw_Cook",3
"1916","PaperPlateMask3",1
"1918","Passie_Kracht",0
"1919","PassTheTe",2
"1920","pasta_babe",-1
"1921","PastryChimiste",0
"1922","Pasuliitrash",0
"1923","Pat_A_W",0
"1924","PaterCrow",2
"1925","patriciamj",1
"1926","patricioorramos",0
"1927","PatriotGamer77",-1
"1928","patriotismplz",2
"1930","pattijofitz",2
"1933","pauldj",1
"1934","PaulGAtletico",2
"1935","paulineomg",-1
"1937","pcarroll47",0
"1938","peacockstrophe",0
"1939","peakeman",2
"1940","Peekaso",-1
"1941","peko3417",-1
"1942","Pelsxo",1
"1943","PenguinGalaxy",1
"1944","perksofbeingHC",2
"1945","pertello",1
"1946","peteh6570",0
"1947","PeterWalker59",-1
"1948","petthekat",-1
"1949","PettinatoRob",-1
"1950","Pg46591583",0
"1951","PHATFUCC",-1
"1952","PhebusJoe",0
"1953","phemzvrine",1
"1954","PhilaFLYguy",0
"1955","philbee85",-2
"1956","phildezar",-1
"1957","philly_cheesest",1
"1958","PhillyZimbo",0
"1960","PhuckYoTwitta",1
"1961","physiogrant",0
"1962","pictor",-1
"1963","PikachuPirate",-1
"1964","PineapplePurp",-1
"1965","ping6uod",0
"1966","pinstripes2017",2
"1967","PirateQueenKate",2
"1968","PirateSpitter",-2
"1969","PittSimple10",-1
"1970","pizzaUNOFFICIAL",-2
"1971","PJ_BBFan",-1
"1972","PJHubbell",0
"1973","PknyRoss",1
"1974","plabg",1
"1976","pointlessgods",-1
"1977","Pokeballsss",-1
"1978","Polandwarrior",0
"1979","PolitcalGuru",2
"1980","Pollo_Destructo",0
"1981","polly_905",2
"1983","polylem",2
"1984","ponchonig",1
"1985","poodleteeth",-2
"1986","PooltoyWolf",1
"1987","poppalinos",-3
"1988","postwarO27",1
"1989","PotatoesMcGravy",0
"1990","pottersexual",0
"1992","PR0TUS",0
"1993","Pr1vate_Hud50n",1
"1994","praisetheteapot",2
"1995","PrashansaMaskey",1
"1996","predaIytIcs",0
"1997","presidentstuff",2
"1998","Prestonthatkid",0
"2000","prettiekamsi",1
"2001","Prewyoko",-2
"2002","PrincessMcLeia",1
"2003","princewis5",1
"2004","princssscat",1
"2005","ProperJimmy",0
"2006","psanchez0273",2
"2007","Pseudopodia_",1
"2008","Pseudylus",1
"2009","psgcindy",1
"2010","pugzeal",2
"2011","punksandwitch",-1
"2012","puprags",2
"2013","purpleview",0
"2015","pursuinghapines",-1
"2016","pw_male",-2
"2017","Pygmywarrior",1
"2018","pyrogenix",0
"2020","queeenbree___",1
"2022","QueenBee______",1
"2023","Qui_GonWhiskey",-1
"2024","Quiest__elle",0
"2025","R_Star10",0
"2026","Raathyyy",0
"2027","rabyacandy",1
"2028","RachelGilker",2
"2029","RachelGodlessVg",1
"2030","radiationmouth",-1
"2031","raezhs",1
"2032","Rafi_Rules",2
"2033","rainaiscool",1
"2034","rainebrain",1
"2035","rajwaid",2
"2036","randypriceiv",4
"2037","rants_n_whatevs",2
"2038","raquellykelly",2
"2039","Raul_Taruffeti",1
"2040","RavenWyldexo",2
"2041","Rawdawggg12",-2
"2042","RCannon74",2
"2043","rccola517",-2
"2044","rdshot",0
"2045","ReacIntello",-2
"2046","realBKW",2
"2047","RealBulletHead1",0
"2048","REALComicCandy",1
"2049","realDavidJClark",-1
"2050","realDavidPina",-1
"2051","RealElleOwen",0
"2052","RealMarkNewman",1
"2053","RealNealSeal",0
"2054","RealWormTales",-1
"2055","ReaverBait",-1
"2056","RebloggerOcelot",1
"2057","Recover_this",0
"2058","red_boxer0",0
"2059","Red1Echo",0
"2060","Red3Biggs",-1
"2061","RedbobBackup",1
"2062","redcardphreek",2
"2063","reddy_kp",1
"2064","redhed311",0
"2065","ReeFungorio",0
"2066","registeredhoe",0
"2067","reichlyn",-2
"2068","rekon345",1
"2069","relatablegoth",1
"2070","RenHope1094",0
"2071","repowashington",-1
"2074","respondix",0
"2075","retroremakes",2
"2076","returnoftheGT",0
"2077","Rev_BlueMoon",0
"2078","revasana",1
"2079","RGBribiescas",2
"2080","RGIII__",-1
"2081","RgjRunner",-1
"2082","rhianonjameson",-2
"2083","rhipkin",1
"2084","rhiyoncee",1
"2085","ria_glows",1
"2086","Rich_Adams1",1
"2087","RichardCowley2",-1
"2088","Richeyben",1
"2089","RichmondG30",-1
"2090","richy_inger",-2
"2091","RickyD224",0
"2092","RiesEllie",-1
"2093","Riggsveda",1
"2094","riguy103",2
"2096","RissaMaeLynn",2
"2097","RizIsInTheHouse",1
"2098","rizz129",0
"2099","RLTW14",0
"2100","rmartineau959",2
"2103","Roakes89",0
"2104","Rob_L_Rouser",1
"2105","robbiersg",-2
"2106","RobChristie11",-1
"2107","Robert_Hanson_",0
"2108","RobertHPall",-1
"2109","robertsolray",-1
"2110","RobertTins",1
"2111","robinnn04",-1
"2112","Robjj32",1
"2113","RobMcKinley17",0
"2114","ROBRICHARDSON",-1
"2115","Rocket_Camie",2
"2116","roelitup",-2
"2117","RokasUrbonas",2
"2118","RolandBlackk",2
"2119","rompcat",0
"2120","ronpoole",1
"2121","RonSonic",-1
"2122","rora_borealis",2
"2123","rosiedoes",0
"2124","rossva_1189",1
"2125","RowanJ5",1
"2126","RsvpV",0
"2127","rtadams",1
"2128","rubberduckmafia",0
"2129","RubMyCleft",0
"2130","Ruby",1
"2131","Runner5_H1gh",0
"2132","russianduckling",2
"2133","ruthven78",1
"2134","rwalls13ntx",2
"2135","RyanLuvsGaga",0
"2137","rybred8877",1
"2138","rynsmom0911",-1
"2139","Rypny",0
"2141","SageWaterDragon",0
"2142","saintbap",1
"2143","saintlouiecards",3
"2144","SakumiBLR",1
"2145","salkin",1
"2146","sally_j",1
"2147","Sallyjoagain",1
"2148","Salty_Dog2016",1
"2149","saltywaterbird",1
"2150","samanthamarie",0
"2151","samanthatucks",1
"2152","Samarobrin",1
"2153","SamAyresBlog",2
"2154","SamHide5",0
"2155","sammmidd",-1
"2156","Sammy_Benbow",1
"2157","Samphie7",0
"2158","samurai_legesse",0
"2159","San_Patricio_BN",1
"2162","sandi_velocity",0
"2163","SANDRAELLENK",0
"2165","sanguisdev",1
"2168","sanzibalstweets",0
"2169","sarah_vancea",1
"2170","SarahAinsworth9",1
"2171","saraherib",0
"2173","SarahT_in_Prov",2
"2174","sarcasticrobv",-1
"2175","SargonistScum",0
"2178","sassiemassiee",-2
"2179","SaulGood12",2
"2181","saveJACKo",1
"2182","SavMaggie",0
"2183","SavnRyansPrvate",1
"2184","SC363",1
"2185","scanderish",1
"2186","scantilyglad",2
"2187","schell_oh",-2
"2188","Science_Reigns",0
"2190","scifirighter",0
"2191","ScifiSpirit",4
"2192","scotch_bx",4
"2193","ScotForLiberty",-1
"2194","scotthaime",2
"2195","ScottMarcus77",0
"2196","ScottPerrys",1
"2197","screwtape1a12",1
"2198","screwyoumegn",-1
"2200","SeahawkBurrrton",1
"2201","sean_wardy",1
"2202","Seb_Vald",1
"2203","Sec238",1
"2204","secjr112",3
"2205","SeegeVega",1
"2206","Semere_T",1
"2207","sendpoliticards",2
"2208","senlltam",0
"2209","SenorElNegro",0
"2210","SensibleBurger",1
"2211","SerendipitySays",-1
"2212","SergioSmash",-1
"2214","SethAndrewsATL",1
"2215","sexistlemon",1
"2216","SexYSuccubus",-1
"2217","shamima1985",-1
"2218","ShannonDingle",2
"2219","shanny_adams",-1
"2220","Sharkb8oohhaha",-1
"2221","shazsyd",1
"2223","Shelby_Naber",2
"2224","ShepardRich",-1
"2225","SheWantTheDee_",-1
"2226","shhurr",0
"2227","shibdork",-1
"2228","ShifteeCent",-2
"2229","SHINeeDivas",0
"2230","shirvill",2
"2231","Shit__DerekSays",2
"2232","ShitFan",0
"2233","Shoeshi13",0
"2234","shoppingblonde",2
"2235","ShortandTired",0
"2236","siddharthmukund",1
"2237","Sierra0505",0
"2238","silly_sarah_",0
"2239","silvalis75",2
"2241","SilvinCopper",1
"2242","simonhcwilson",2
"2243","SimonMaxfield8",1
"2244","SimpsFx",-1
"2245","SirCanuckles",0
"2246","sirmixalatte",2
"2247","SirMrChicken",0
"2248","SissokosSchlong",-1
"2249","SitcomPsychic",1
"2250","sixthblunt",-2
"2251","sixtyk",2
"2252","skank_hunt66",-1
"2253","Skelly363",-2
"2254","SkellyScribbles",0
"2255","skepticsauce",1
"2256","SkinnyHendrixHD",3
"2257","SkipTerrio",1
"2258","skyhigh081978",1
"2259","skyninjaspeaks",-1
"2261","SLAPTHELEFT",2
"2262","SlateKensington",1
"2264","SleazyBumpkin",0
"2265","sleepykitty_",1
"2266","SLhospltality",1
"2267","Slimongi",1
"2268","slugsforbrows",-1
"2269","Smacku2b",1
"2270","Smara522",0
"2271","smittie61984",1
"2272","smotis37",0
"2273","Smurfy52401",2
"2274","Snakierturtle74",2
"2275","SnappingWillow",-1
"2276","Sneaky_Disease",0
"2277","sneakyriki",-1
"2278","Snoble_",-1
"2280","soIndi",-1
"2281","SoNearlyYours",0
"2282","sonicmeerkat",-2
"2283","SonofaMitchToo",1
"2284","SooBeeinNY",0
"2285","SoothingDave",1
"2287","SorcererSean",0
"2288","soulassssns",-1
"2290","Southuhnboi",1
"2291","soy_fauz",1
"2292","spacedcowgirl",0
"2293","spacegh5t",0
"2294","spacekarth",-1
"2295","speak_mnemosyne",0
"2296","speakostensibly",0
"2297","SpenceJack",2
"2298","Spexcies",2
"2299","SpiralNature",1
"2300","sploogeblaster",0
"2301","spookylizard",0
"2302","SpottedConzo",0
"2303","sprague_dennis",2
"2305","squangel",0
"2306","Squid_Hunt",1
"2307","sruhls3",1
"2308","Sry4wrongthink",0
"2309","StaceySAnd",0
"2310","stalepickle",-2
"2311","stannyyy",2
"2312","StarDogCh4mpion",2
"2313","starrboyjoseph",0
"2314","starryeyedg1rl",-2
"2315","states_of_grace",-2
"2316","stefknapp",2
"2317","StephanieJo_G",0
"2318","StephanieKenney",0
"2319","StephanieV2156",2
"2320","stephanmoke",1
"2321","stephanproctor",0
"2322","Stephen53689192",-1
"2323","stephhh_marie_",0
"2324","steppnav",-1
"2325","steve_oranges",1
"2326","StevenEhrlich3",2
"2327","StevenMurrayJr",0
"2328","StevenRosenblum",-2
"2329","StevePolternest",1
"2330","StevesPenn",-1
"2331","stevetdaniels",1
"2332","stevis78",1
"2333","stfuregressives",4
"2334","stheticsbrah",2
"2335","stlawrencesy6",0
"2336","stonedyogagirl",3
"2337","stonefacenathan",0
"2338","stoneybrew",2
"2339","StopGaslighting",-1
"2340","STOTTINMAD",-1
"2341","Stratego89",-2
"2342","strikeplank",0
"2343","Stupot1994",-1
"2344","Sturg_23",2
"2345","stylistdizzy",3
"2346","suaviter9",1
"2347","SubBarbie",-2
"2348","suchawallflower",1
"2349","SugarBombsAway",-2
"2350","SunlightLord",1
"2351","sunsethoe_",1
"2352","suntiger745",0
"2353","SuperDuperKanye",0
"2354","supersonxc",4
"2355","Supreme____Beef",2
"2356","suprgtt",1
"2357","suprihmbe",1
"2358","SurfSpaghetti",-1
"2360","SusanShmoozer",1
"2361","Suziebells",-1
"2362","svalentino96",0
"2363","swagerstedt",0
"2364","SwaggerDTF",1
"2365","SwaggyP_803",1
"2366","SwannStreet",0
"2368","sweetpea1977",1
"2369","SWFLRugby",2
"2370","swimbikerunmoms",-1
"2371","swimmermomma",-1
"2372","SwingCod",0
"2373","SwissTriple_M",2
"2374","swivman",3
"2376","sydneyherondale",0
"2377","sydspire",3
"2378","SYH1961",-2
"2379","SyntaxError1871",2
"2380","t_pointless",1
"2381","T_Rex_Esq",0
"2382","Tacopizzamusic",1
"2383","Tailsimp",1
"NA.3",NA,NA
"2385","take_the_red_1",1
"2386","takief",0
"2387","TalkPlo",1
"2388","TANSTAAFL24",-1
"2389","TAOShinaishin",0
"2390","taotao_salupa5",0
"2391","taraculkin",0
"2392","TateKeane",1
"2393","Tauroney",1
"2394","tavetaan",2
"2395","taxigrem",-2
"2396","TaxManObsidian",-2
"2397","tay_gonzo",-4
"2399","tcp2018",0
"2400","TeamHungry99",-3
"2401","techno92",0
"2402","TedTheCortez",1
"2403","teedwrightoff",1
"2404","TempletonPeck11",0
"2405","temporalblur",-1
"2406","TennesseeDanny",1
"2407","tennis_shots",2
"2408","TenTonGeek",-1
"2409","teodranik",1
"2410","teradactyl80",2
"2411","Teresay54001118",0
"2412","teridene",0
"2413","TerrificTom777",1
"2415","teslafuller",2
"2416","TetrologyGaming",3
"2417","TEX_49",3
"2419","TF2Captain",2
"2420","Tffny_B",0
"2421","th3wobot",1
"2422","ThaBoogster",1
"2423","thaDancingKing",0
"2424","Thamsla",1
"2425","thatcher_terri",-1
"2426","thatgoodhyucc",0
"2427","ThatMichiganGir",0
"2428","ThatZenDudee",0
"2429","THE_DAILY_BLEAT",1
"2430","The_Ludonarrian",2
"2431","the_scott",-2
"2432","the_thresher",0
"2433","TheAshCartier",0
"2434","TheBearHimself",2
"2435","tHEbOSSiShEREyA",0
"2436","TheBoyWonder16",0
"2437","thebuckmcgruff",-1
"2438","TheCartoonLoon",1
"2439","thecentreoc",2
"2440","thechemtrailkid",1
"2441","TheChrisGlass",0
"2442","TheComingChaos",0
"2443","TheCyberPunk17",0
"2444","thedarkestwaves",1
"2445","TheDebraSanchez",1
"2446","thedtvbox",-1
"2447","thedudekfc",0
"2449","thegalluzz",-1
"2450","theglassPhoenix",0
"2451","thehipsch",-1
"2452","TheHockeyGhostt",3
"2453","TheHypokritiks",-1
"2454","thejennbo",-2
"2455","thekatthoughts",0
"2456","TheKhaldoon",-1
"2457","thelandtrout",0
"2458","thelonelydalek",-2
"2459","Thelord_ofBears",2
"2460","TheMadPigeon",2
"2461","thenewsinbits",0
"2462","TheNickBrandle",0
"2463","ThenSheAppears",0
"2464","theohsofabulous",-2
"2465","theone20152016",-3
"2466","theoneguy34",1
"2467","theoneTWUEway",-1
"2468","thepopecaroline",2
"2469","TheQueerMagneto",0
"2471","therealDUBIUS",0
"2472","therealjrjr",0
"2473","TheRealKlauss",0
"2474","TheRealMargulis",1
"2475","TheRealTobinski",-2
"2476","TheRetrofan21",0
"2477","thermolito",0
"2478","therocksfilms",0
"2479","TheRogue_Elf",1
"2480","theS0D",-1
"2481","TheSentinel93",0
"2482","TheSharpeful",3
"2483","theshockers10",1
"2484","TheSmokingYeti",1
"2485","TheSunshineVibe",1
"2486","TheThrockmorton",2
"2487","thetoewsera",1
"2489","TheWolfsWord",0
"2490","thewritewhale",2
"2491","TheZackMasters",3
"2492","thillflannery",1
"2493","Thinkablelemon7",1
"2494","thinkCara",-2
"2495","ThinkItThruUSA",1
"2496","ThisisWatley",1
"2497","thomasdowns11",1
"2498","ThomasDurrant7",0
"2499","ThomasHunter666",0
"2500","ThunderB",-1
"2501","Thunderflare59",1
"2502","Tiffany1985B",1
"2503","tiffanygoehr_",1
"2504","Tikiri_Herath",1
"2505","Tim196th",0
"2506","Tim55081",-1
"2508","TimeyWimeyTessa",2
"2509","TimFJohnson",0
"2510","timjim59",1
"2511","timogeo",0
"2512","timswar",-1
"2513","TimWachter",0
"2514","tinnkky",-1
"2515","Tiny_But_M1ghty",-1
"2516","tiny_little_dot",2
"2517","tiredofwinning2",2
"2518","tirving0680",-1
"2519","tiz9000",1
"2521","tlange92",-2
"2522","tmack23333",-1
"2523","tMidnight__T",-1
"2524","TMugg",-1
"2526","TobyGrierson",1
"2528","Toilet316",1
"2529","TokenHenry",0
"2530","tolkienfan",1
"2531","tomk6286",2
"2532","tommuldooniii",1
"2533","tomyrobinsonfag",2
"2534","ToniMZ81",0
"2535","TonnieSmith82",1
"2536","Tony_Burge69",0
"2537","tonycamatto",1
"2538","TonySullivan71",0
"2539","Top_kat1",4
"2540","Tory08452202",1
"2542","TournaudT",-1
"2543","tracer4200",0
"2544","tracymccrite",2
"2545","TrapGodAlec",1
"2546","travispjohnson",-2
"2547","trebleCIef",-2
"2549","TrendsLA",1
"2550","TrendsPortland",1
"2551","TrevorBurgin",-2
"2552","TrevorSpitzley",0
"2553","trey_stratos",2
"2555","TRIGGURD",0
"2556","trihexafIexagon",-1
"2558","trioxVSstuff",-1
"2559","Triple_A_YT",1
"2560","trish_shanahan",0
"2561","trixasparks",2
"2562","TRON1160",1
"2564","trouvaine",0
"2565","truelyesoteric",2
"2566","truly_biased",0
"2567","trumpocrat",-1
"2568","TrumpsRockin",-2
"2569","Trumptastrophe1",0
"2570","Trumpwatcher",1
"2572","tryanmax",1
"2574","turnipseeds",2
"2575","tuscaloosabama",1
"2577","twillynavy246",-1
"2578","twinklelilbitch",-1
"2579","twistedpuppet",0
"2580","twitt_reed",-1
"2581","TwoSandcastles",1
"2582","TygaMillionaire",0
"2583","Tyler__Root",-1
"2584","TylerDoor",-1
"2585","TylerDurden6996",-1
"2586","tylerkagy",2
"2587","tyronnpoo",1
"2588","UAintJB",1
"2589","uckfay_uyay",0
"2590","ultimaterude",0
"2591","Ultravii0lence",0
"2592","ultsangxinghyun",1
"2593","Unanimous_D",0
"2594","unhootchie",2
"2595","Unicorn_Shimmer",-1
"2596","unitedwolff",1
"2597","UniversalBasic",2
"2598","unlovelyrita",2
"2599","UnRealNateStorm",-3
"2600","unrosteable",-2
"2601","unsafeideas",1
"2602","uppittynegress",1
"2603","UrQuanKin",2
"2604","US_Conservatism",1
"2605","V_S_2015",1
"2606","vabeachmom",-2
"2607","Vagrant_Zero",-1
"2608","valeriekeefe",2
"2609","valilies",-1
"2610","VAmuscle",2
"2612","vaswanijuhi",1
"2613","Vault_81",-1
"2614","VDemylo",0
"2615","Vegasidler",-1
"2616","VeilSideFrtn",-1
"2617","VelfVi",2
"2618","Veluux",2
"2619","VelvetxTwist",1
"2620","Vendboygreg",-2
"2621","VeronicaLouise",0
"2622","VickerDeangelo",2
"2623","Victoriaahx",2
"2624","VictoriousLoL1",-2
"2625","VieKng",-2
"2626","VikingQuad",1
"2627","virgoBipolar",2
"2628","vixxsinn66",1
"2629","vlynpowell",2
"2631","VocalFreesia",2
"2632","Voidwatcher",2
"2633","VolatileAmine",0
"2634","VPofClowns",1
"2635","vr0d",0
"2636","VUFANINTX",2
"2637","VulpineNinja",2
"2638","w74830519",0
"2639","wabbitwords",1
"2640","WAFFLEUPPAGUS",-1
"2641","wakeywakey10",0
"2642","wakingupkk",1
"2643","walkitalone",0
"2644","walterdonovan84",1
"2645","WanderersShadow",2
"2647","WaspHivetower",0
"2648","wastecoIIector",-1
"2649","waynepooley",-1
"2650","WC_Fox",0
"2651","WeAreGoinHippie",0
"2652","Weirdocalypse",-2
"2653","Weirwood522",0
"2654","wella75",-1
"2655","wert0o",0
"2656","Wes_Bus",0
"2657","WesleyRambles",-1
"2658","WesternMan20",0
"2659","WestonINoble",1
"2660","Westwindqwert",0
"2661","whale59",0
"2662","What0316",2
"2663","What2DoNext",0
"2664","wheredthesodago",1
"2665","White_Shockz",-2
"2666","whitestbaser",-1
"2668","whomeverett",-1
"2669","wildestwords",2
"2670","WildlifeBioGal",1
"2671","Wildomar9991",0
"2672","Will_D_Matthews",0
"2674","WilliamMarshal0",-2
"2675","Willow94276105",0
"2676","willpatriarchy",2
"2677","Willsdiscovers",0
"2678","winterpatriot17",0
"2679","Wiolant88",1
"2680","WiseLoudOwl",0
"2681","Wiser_OH",1
"2682","WiseUzumaki",0
"2683","wolfencreek",-1
"2684","WolfGirl_84",0
"2685","Wolfofthenyght",2
"2686","wooden_fork",1
"2687","woodjt5",-1
"2688","WookieLife",1
"2689","WoT_Scrub",1
"2690","wpt_16",2
"2691","writenoelle",1
"2692","wrys_n",-2
"2693","WypipoWoke",2
"2694","wyurm",-2
"2695","xbiscaynebaex",0
"2696","xbuilderbob1",1
"2697","XDaneelOlivaw",1
"2698","Xfog_Hut",-1
"2699","xhillzy",0
"2700","Xion136",0
"2701","xKare_bear",-1
"2702","XMalice",1
"2703","xoey",-2
"2704","xrcvry_",2
"2705","xsadcassie",-3
"2706","xxxxxs_sensored",1
"2707","XylophoneZaha",-2
"2708","Ya_KalbYa_Khara",-2
"2709","yankee_bailey",0
"2710","yao_dg",0
"2712","yasmina0812",-1
"2713","yeefoon3hunna",1
"2714","Yeetbot900",0
"2715","yendorcire",-3
"2716","yitshak_",1
"2717","yitzyy",0
"2718","Yolo_Duck15",1
"2719","yOuAiNtNoCrOoK",-2
"2720","youfleek",0
"2721","Young_sims",0
"2722","YoungKinG_17",1
"2723","youngMrMackey",2
"2724","YoungThomas1773",0
"2725","YourHeroVir",1
"2726","Youxia_Panda",0
"2728","yucajanai",0
"2729","yumadbro2017",1
"2730","yungbulgogi",1
"2731","yurionseptic",0
"2732","yyys_guy",0
"2733","z_c31",0
"2734","ZacharyRoberts_",2
"2735","ZachMcClain93",-1
"2736","ZacYates87",-2
"2737","Zahzoop",-2
"2738","zajuts149",-1
"2739","ZaneGoodell",-1
"2741","ZeBlackSensei",0
"2742","zedoom",0
"2743","Zengais",1
"2744","ZenoIsStoic",0
"2745","zer_netmouse",0
"2746","zlsvvc",-2
"2747","znzxn77",1
"2748","ZoeMeier2",0
"2749","zozochristina",0
"2750","zZhenTeKk",1
